username,password
13300000001,123456
13300000002,123456
13300000003,123456
13300000004,123456
13300000005,123456
13300000006,123456
13300000007,123456
13300000008,123456
13300000009,123456
13300000010,123456
13300000011,123456
13300000012,123456
13300000013,123456
13300000014,123456
13300000015,123456
13300000016,123456
13300000017,123456
13300000018,123456
13300000019,123456
13300000020,123456
13300000021,123456
13300000022,123456
13300000023,123456
13300000024,123456
13300000025,123456
13300000026,123456
13300000027,123456
13300000028,123456
13300000029,123456
13300000030,123456
13300000031,123456
13300000032,123456
13300000033,123456
13300000034,123456
13300000035,123456
13300000036,123456
13300000037,123456
13300000038,123456
13300000039,123456
13300000040,123456
13300000041,123456
13300000042,123456
13300000043,123456
13300000044,123456
13300000045,123456
13300000046,123456
13300000047,123456
13300000048,123456
13300000049,123456
13300000050,123456
13300000051,123456
13300000052,123456
13300000053,123456
13300000054,123456
13300000055,123456
13300000056,123456
13300000057,123456
13300000058,123456
13300000059,123456
13300000060,123456
13300000061,123456
13300000062,123456
13300000063,123456
13300000064,123456
13300000065,123456
13300000066,123456
13300000067,123456
13300000068,123456
13300000069,123456
13300000070,123456
13300000071,123456
13300000072,123456
13300000073,123456
13300000074,123456
13300000075,123456
13300000076,123456
13300000077,123456
13300000078,123456
13300000079,123456
13300000080,123456
13300000081,123456
13300000082,123456
13300000083,123456
13300000084,123456
13300000085,123456
13300000086,123456
13300000087,123456
13300000088,123456
13300000089,123456
13300000090,123456
13300000091,123456
13300000092,123456
13300000093,123456
13300000094,123456
13300000095,123456
13300000096,123456
13300000097,123456
13300000098,123456
13300000099,123456
13300000100,123456
13300000101,123456
13300000102,123456
13300000103,123456
13300000104,123456
13300000105,123456
13300000106,123456
13300000107,123456
13300000108,123456
13300000109,123456
13300000110,123456
13300000111,123456
13300000112,123456
13300000113,123456
13300000114,123456
13300000115,123456
13300000116,123456
13300000117,123456
13300000118,123456
13300000119,123456
13300000120,123456
13300000121,123456
13300000122,123456
13300000123,123456
13300000124,123456
13300000125,123456
13300000126,123456
13300000127,123456
13300000128,123456
13300000129,123456
13300000130,123456
13300000131,123456
13300000132,123456
13300000133,123456
13300000134,123456
13300000135,123456
13300000136,123456
13300000137,123456
13300000138,123456
13300000139,123456
13300000140,123456
13300000141,123456
13300000142,123456
13300000143,123456
13300000144,123456
13300000145,123456
13300000146,123456
13300000147,123456
13300000148,123456
13300000149,123456
13300000150,123456
13300000151,123456
13300000152,123456
13300000153,123456
13300000154,123456
13300000155,123456
13300000156,123456
13300000157,123456
13300000158,123456
13300000159,123456
13300000160,123456
13300000161,123456
13300000162,123456
13300000163,123456
13300000164,123456
13300000165,123456
13300000166,123456
13300000167,123456
13300000168,123456
13300000169,123456
13300000170,123456
13300000171,123456
13300000172,123456
13300000173,123456
13300000174,123456
13300000175,123456
13300000176,123456
13300000177,123456
13300000178,123456
13300000179,123456
13300000180,123456
13300000181,123456
13300000182,123456
13300000183,123456
13300000184,123456
13300000185,123456
13300000186,123456
13300000187,123456
13300000188,123456
13300000189,123456
13300000190,123456
13300000191,123456
13300000192,123456
13300000193,123456
13300000194,123456
13300000195,123456
13300000196,123456
13300000197,123456
13300000198,123456
13300000199,123456
13300000200,123456
